{
    "scenes": [
        {
            "sceneId": "101",
            "sceneName": "场景_101",
            "isFlipped": false,
            "elements": [
                {
                    "id": "Timelmg",
                    "name": "Timelmg",
                    "transform": {
                        "position": {
                            "x": 2.8914999961853029,
                            "y": -0.010200000368058682,
                            "z": 0.6000000238418579
                        },
                        "scale": {
                            "x": 11.49947452545166,
                            "y": 10.116959571838379,
                            "z": 1.0
                        }
                    }
                },
                {
                    "id": "EnvBg",
                    "name": "EnvBg",
                    "transform": {
                        "position": {
                            "x": 2.9024999141693117,
                            "y": 0.01640000008046627,
                            "z": 0.6000000238418579
                        },
                        "scale": {
                            "x": 11.51209545135498,
                            "y": 10.138197898864746,
                            "z": 1.0
                        }
                    }
                },
                {
                    "id": "NestBaitsTouchArea",
                    "name": "NestBaitsTouchArea",
                    "transform": {
                        "position": {
                            "x": -1.8251999616622925,
                            "y": -2.6129000186920168,
                            "z": 0.6000000238418579
                        },
                        "scale": {
                            "x": 1.4280959367752076,
                            "y": 1.8634504079818726,
                            "z": 1.0
                        }
                    }
                },
                {
                    "id": "NestBaitsAni",
                    "name": "NestBaitsAni",
                    "transform": {
                        "position": {
                            "x": -1.8940000534057618,
                            "y": -2.9760000705718996,
                            "z": 0.3970000147819519
                        },
                        "scale": {
                            "x": 0.5720952153205872,
                            "y": 0.4764842689037323,
                            "z": 1.0
                        }
                    }
                },
                {
                    "id": "NPC",
                    "name": "NPC",
                    "transform": {
                        "position": {
                            "x": 1.1686999797821046,
                            "y": -0.3303999900817871,
                            "z": 0.4300000071525574
                        },
                        "scale": {
                            "x": 0.7763579487800598,
                            "y": 0.9353330731391907,
                            "z": 1.0
                        }
                    }
                },
                {
                    "id": "Pet",
                    "name": "Pet",
                    "transform": {
                        "position": {
                            "x": 1.8270000219345093,
                            "y": -1.2330000400543213,
                            "z": 0.4300000071525574
                        },
                        "scale": {
                            "x": 0.6967141032218933,
                            "y": 0.7645000219345093,
                            "z": 1.0
                        }
                    }
                },
                {
                    "id": "Tent",
                    "name": "Tent",
                    "transform": {
                        "position": {
                            "x": 0.1404999941587448,
                            "y": -0.7821999788284302,
                            "z": 0.4300000071525574
                        },
                        "scale": {
                            "x": 1.6713087558746338,
                            "y": 1.2056750059127808,
                            "z": 1.0
                        }
                    }
                },
                {
                    "id": "FishBag",
                    "name": "FishBag",
                    "transform": {
                        "position": {
                            "x": 0.9348999857902527,
                            "y": -1.9278000593185425,
                            "z": 0.4300000071525574
                        },
                        "scale": {
                            "x": 0.9258159399032593,
                            "y": 0.8006576895713806,
                            "z": 1.0
                        }
                    }
                },
                {
                    "id": "FishTip",
                    "name": "FishTip",
                    "transform": {
                        "position": {
                            "x": 0.23240000009536744,
                            "y": -2.9117000102996828,
                            "z": 0.4300000071525574
                        },
                        "scale": {
                            "x": 0.734538733959198,
                            "y": 0.45883405208587649,
                            "z": 1.0
                        }
                    }
                },
                {
                    "id": "EnvElement",
                    "name": "EnvElement",
                    "transform": {
                        "position": {
                            "x": 2.1310999393463136,
                            "y": -2.5429999828338625,
                            "z": 0.4300000071525574
                        },
                        "scale": {
                            "x": 1.1203693151474,
                            "y": 0.6131535172462463,
                            "z": 1.0
                        }
                    }
                },
                {
                    "id": "EnvTreasureBox",
                    "name": "EnvTreasureBox",
                    "transform": {
                        "position": {
                            "x": -0.6840999722480774,
                            "y": -0.32499998807907107,
                            "z": 0.4300000071525574
                        },
                        "scale": {
                            "x": 0.7265825867652893,
                            "y": 0.546974241733551,
                            "z": 1.0
                        }
                    }
                },
                {
                    "id": "Player",
                    "name": "Player",
                    "transform": {
                        "position": {
                            "x": -0.46799999475479128,
                            "y": -1.8919999599456788,
                            "z": 0.0
                        },
                        "scale": {
                            "x": 2.0,
                            "y": 2.0,
                            "z": 1.0
                        }
                    }
                },
                {
                    "id": "Weather",
                    "name": "Weather",
                    "transform": {
                        "position": {
                            "x": 2.9135000705718996,
                            "y": -0.0007999999797903001,
                            "z": 0.5
                        },
                        "scale": {
                            "x": 11.33609676361084,
                            "y": 9.904648780822754,
                            "z": 1.0
                        }
                    }
                }
            ]
        },
        {
            "sceneId": "102",
            "sceneName": "珊瑚环心岛",